,Ticker
0,HODL
1,I
2,OC
3,$AMD
4,I‚Äôm
5,ACH
6,$SFT
7,I‚Äôm
8,$FUD
9,(ACH)
10,AMC
11,I
12,I
13,RBLX.
14,RBLX
15,LLC
16,(NASDAQ:ADXS)
17,$MVST
18,ETF
19,I
20,IOO
21,I
22,RVN
23,I‚Äôm
24,I‚Äôm
25,$APPL
26,ALL
27,MILE
28,$MVST
29,MILE
30,SBCAKE
31,A
32,STRONG
33,CASE
34,FOR
35,ETON
36,I
37,$FFIE
38,NOT
39,A
40,SCAM
41,ONE
42,$FFIE
43,PFE
44,CEO
45,TV
46,ZNGA
47,BABA:
48,$FFIE
49,CEO
50,TV
51,MVST
52,I
53,I
54,I
55,I
56,HUGE
57,CEO
58,TV
59,I
60,ACH-diamond
61,ZNGA?
62,I
63,I
64,"""W"""
65,I
66,I
67,$FFIE
68,P/E
69,I
70,HUGE
71,VCTR
72,I
73,RGBP
74,VCTR
75,$AMC‚Äôer
76,$WISH
77,YOLO
78,I
79,ACH
80,SPACS
81,A
82,#ADCT
83,MVST
84,$CHPT
85,I
86,I‚Äôm
87,CEO
88,CEO's
89,$PLTR
90,BEYOND
91,THE
92,MOON
93,#LUMENADE
94,I
95,$ZY?
96,I
97,$ZY
98,I
99,AMD
100,MCFE
101,$PLTR
102,ACH
103,I
104,UK
105,AMC
106,PSA:
107,UK
108,AMC
109,AMC
110,$ZY
111,FAT
112,ASS
113,UK
114,AMC
115,$WISH
116,I
117,SPCE
118,YOLO
119,I
120,I
121,I
122,I
123,MSTR
124,QS
125,I
126,AMD
127,I‚Äôll
128,Y‚Äôall
129,AMED
130,MASSIVE
131,OPTIONS
132,I
133,I
134,I‚Äôm
135,RH
136,I
137,I
138,I
139,DNUT
140,$VIAC
141,EOD
142,I
143,MVST
144,YOLO
145,A
146,WTF
147,SPY
148,YOLO
149,KXIN?
150,MVST
151,YOLO
152,KTOS
153,I
154,(MGTA)
155,I
156,MGTA
157,GDRX
158,I
159,(MGTA)
160,ZIOP
161,$KXIN?
162,AMD
163,SOS
164,LETS
165,GOO!!
166,SOS
167,NIO
168,$WISH
169,$KXIN?
170,GNW
171,MMAT
172,$SSSS
173,Hedgies‚ÄùR‚ÄùFucked
174,IRTC
175,DOUBLED
176,$BLIN
177,MVIS
178,IPO
179,I
180,I
181,$HOOD
182,GNW
183,AMC
184,FTD‚Äôs
185,HODL
186,ATHX
187,ARDS
188,DOUBLED
189,NEGG
190,ATHX
191,ARDS
192,AMC!
193,I'm
194,I
195,AMC
196,I
197,I'm
198,ATHX
199,ARDS
200,I
201,MX
202,I‚Äôll
203,OCGN
204,MX
205,I‚Äôm
206,PABLO
207,HEMAN
208,TD
209,YOLO
210,ECVT
211,XELA
212,PRTS
213,XELA
214,CLOV
215,$CFLT
216,DD
217,YOLO
218,I
219,I'll
220,BTBT
221,I
222,YOLO
223,I
224,I
225,NVAX
226,TSP
227,BTBT
228,MOOON?
229,ECVT
230,AMD
231,ANY
232,PTRA
233,YOLO
234,I
235,(ORMP)
236,OCGN
237,GSAT.
238,FIB
239,SOFI
240,YOLO
241,I
242,I
243,I
244,$MVST
245,FUBüéØüöÄ
246,I
247,$HOOD
248,SOFI
249,I'm
250,I
251,"MVST,"
252,WHAT
253,A
254,DAY!!!
255,FEDERAL
256,GOVT
257,MONOPOLISTS
258,TD
259,PTRA
260,YOLO
261,WW
262,I
263,YOLO
264,$HOOD
265,BRRRRRRRR!!!
266,I
267,I
268,MCFE
269,YOLO
270,$HOOD.
271,BRRRRRRRRRR!!!
272,GME
273,MCFE
274,I
275,I‚Äôm
276,I
277,I‚Äôm
278,GME
279,GME
280,GME
281,GME
282,AMZN
283,YOLO
284,I
285,RH
286,(SPAXX**)
287,I
288,GME
289,SNDL??
290,SOFI
291,YOLO
292,PUBG;
293,GME
294,AMD
295,I
296,I
297,AMD
298,AAPL
299,YOLO
300,#ACH
301,üü¢ALERT:
302,(INO)
303,HPV
304,DNA
305,COVID
306,AMC
307,üü¢ALERT:
308,(INO)
309,FDA
310,HPV
311,COVID
312,DNA
313,WSB
314,PTRA
315,YOLO
316,AMD
317,$OCGN
318,üü¢ALERT:
319,INO
320,DNOW
321,üü¢ALERT:
322,INO
323,NAUT
324,BITF
325,CLNE
326,(HYLN)
327,$PHUN
328,üü¢ALERT:
329,(HYLN)
330,MVIS
331,QSI
332,(HYLN)
333,HODL
334,HODL
335,I
336,MCFE
337,AMC
338,MOON
339,MISSION
340,PT.69
341,API
342,ZM
343,I
344,I
345,$CLNE
346,API
347,ZM
348,NKLA
349,Y‚Äôall
350,WDH
351,APES
352,MVST
353,TN
354,MVIS.
355,CLNE
356,MVIS
357,AUPH
358,COIN
359,I
360,WKHS
361,$NCLH
362,"EPS,"
363,I
364,FSLY
365,CFO
366,I‚Äôm
367,YOLO‚Äôd
368,MVST
369,WSB
370,WSB?
371,ASTR
372,EWCZ
373,$KPTI
374,$TRUE
375,$KPTI
376,$KPTI
377,SKLZ
378,HMLP
379,$KPTI
380,$KPTI
381,S*post
382,QS
383,HISTORIC
384,LOW
385,PRICE
386,$KPTI
387,I
388,IRA
389,PBTS-
390,I
391,$AB
392,DD
393,I
394,I
395,PLUG
396,BYSI
397,$WEBR
398,DNOW
399,$OWL
400,GTTN
401,GTT-
402,I
403,HQ‚Äôd
404,VA.
405,NeuroMertix(NURO)
406,DOGZ.
407,I‚Äôm
408,GTTN
409,GTT-
410,I
411,HQ‚Äôd
412,VA.
413,$TBLT
414,AUGUST
415,PBTS?
416,I
417,GME
418,AMC
419,NEW
420,OPPORTUNITY
421,(EFINITY)
422,$SFT:
423,I
424,I‚Äôve
425,"JSDA,"
426,RXST
427,MCAFEE
428,($MCFE)
429,$KPTI
430,NEW
431,OPPORTUNITY
432,(EFINITY)
433,$WPG
434,$AZUL
435,$KPTI
436,BUY
437,NOW!
438,NEW
439,OPPORTUNITY
440,(EFINITY)
441,(MU)
442,AMD
443,$AZUL
444,MCFE
445,NEW
446,OPPORTUNITY
447,I
448,"WORX,"
449,W
450,(LUMN)?
451,KPTI
452,BUY
453,NOW!
454,$AZUL
455,NEW
456,OPPORTUNITY
457,NEW
458,OPPORTUNITY
459,(EFINITY)
460,AHPI
461,$MVST
462,$CLOV!
463,ACH
464,I'm
465,AAPL
466,ACH
467,AMD
468,I
469,YOLO!!!
470,X
471,I‚Äôm
472,MVST
473,AMC
474,DD.
475,I
476,WSB
477,I
478,HOOD
479,SPY
480,$EDU
481,I
482,HOOD
483,SPY
484,HOOD
485,I‚Äôm
486,I
487,I
488,HOOD
489,SPY
490,I
491,"WKHS,"
492,(PTRA)
493,I
494,BTBT?
495,I
496,I
497,IF
498,OCGN
499,HITS
500,I‚Äôll
501,I
502,I
503,AMC
504,$PLTR
505,MCFE
506,GDXJ‚Ä¶gold‚Äôs
507,I
508,I
509,"BUY,"
510,"BUY,"
511,BUY
512,TENDIEMAN
513,$MCFE
514,BYSI
515,GAIN.
516,I
517,HOOD
518,I
519,CLOV
520,SEC
521,me‚Ä¶.I
522,U.S.
523,MARS
524,BEYOND
525,HOODü™ñüß§üëíü©≤
526,WSJ:
527,ARK‚Äôs
528,I
529,I
530,YOLO
531,$PLTR
532,MVST
533,$MCFE
534,I
535,HOOD
536,"CLOV,"
537,CLOV
538,HOOD
539,I
540,U.S.
541,AXNX
542,HOOD
543,VFF
544,ROLLS
545,ROYCE
546,RECOVERY
547,YOLO!!
548,CLOV
549,HOOD
550,OK
551,I
552,BUY
553,$KXIN
554,THIS
555,IS
556,GONNA
557,MAKE
558,BIG
559,"MONEY,"
560,LETS
561,BUY
562,IN‚ÄºÔ∏è‚ÄºÔ∏è
563,RECAF:
564,AXNX
565,PRICE
566,TARGET
567,RAISE
568,I
569,$GME
570,$GME
571,$GME
572,$GME
573,$GME
574,$GME
575,$GME
576,$GME
577,$GME
578,$GME
579,$GME
580,$GME
581,$GME
582,$GME
583,$GME
584,$GME
585,BUY
586,KXIN
587,$BDRBF
588,$AMD
589,$MCFE.
590,MCFE
591,$ZNGA
592,AXNX
593,AXNX
594,XELA
595,XELA
596,RECAFL:
597,AXNX
598,MVST
599,$SOFI
600,USPS
601,EV
602,"MVST,"
603,MVST
604,IDEX
605,GETTING
606,GOVERNMENT
607,CONTRACT
608,FOR
609,WAVE
610,XELA
611,$DNUT
612,SPY
613,YOLO.
614,I
615,I
616,VLDR
617,EV
618,HOOD
619,MVST
620,YOLOüöÄ
621,WSB
622,STUPID
623,"$GENIUS,"
624,NVAX
625,ER
626,YOLO
627,GAIN
628,MCFE
629,OPPERTUNIST.
630,NO
631,TRUE
632,EXPERTS
633,HERE!!!!!
634,(CRSR)?
635,($MCFE)
636,MOON!!!
637,$EWCZ
638,$MVST
639,YOLO
640,FSLY
641,(CRSR)
642,$ITRM
643,ATHX
644,NEEDS
645,A
646,SHOUTOUT
647,MCFE
648,QRTEA
649,ATHX
650,NEWS
651,QRTEA
652,$HOOD
653,QRTEA
654,"CNSP,"
655,CNS
656,FDA
657,$CNSP
658,UBER
659,ATHX
660,NEEDS
661,A
662,SHOUTOUT
663,MVST
664,I
665,HOOD
666,WSB
667,$NCLH
668,"EPS,"
669,"MOAT,:"
670,ATHX
671,WSB
672,NOBODY
673,IS
674,SELLING!!
675,WE
676,BUYING
677,MASS!!
678,#DARKPOOLABUSE
679,#CITADELAUDIT
680,#SUSPENDDARKPOOLS
681,#DARKPOOLABUSE
682,$AMC
683,TLRY.
684,MVST
685,AYLA
686,DOW/NDX
687,HODL.
688,$CLOV
689,ADA
690,MVST
691,MVST
692,#AMC
693,I'm
694,$DKNG
695,GXO:
696,HEALIOS
697,K.K.
698,ONE-BRIDGE
699,AMC‚Ä¶another
700,EPS.
701,I
702,$BBIG
703,$BBIG
704,$BBIG
705,$ZYXI
706,I
707,DD
708,(MVST)
709,F**kd
710,$VIAC
711,$NFLX
712,(MATIC)
713,API
714,ER
715,I
716,AMD
717,I
718,BUY
719,PLUGPOWER
720,BREAKING:
721,COVID-19
722,DOES
723,NOT
724,EVEN
725,EXIST
726,AMD?
727,I
728,"E*TRADE,"
729,POTENTIAL
730,SQUEEZE.
731,OTC
732,HAI.TO
733,HAIVF
734,$GRPH
735,MVST
736,AMC
737,AMD
738,CEO
739,ASTRA
740,SPACE
741,INC.
742,ROCKET
743,LAUNCH
744,GLMD
745,ZYXI
746,TIME
747,TO
748,TAKE?
749,ASTRA
750,SPACE
751,INC.
752,ROCKET
753,LAUNCH
754,SRNE
755,YESSSS
756,ASTRA
757,SPACE
758,INC.
759,ROCKET
760,LAUNCH
761,INO
762,I‚Äôm
763,INO
764,KDMN
765,(CGC)
766,WPP‚Äôs
767,GOCO
768,IDEX
769,EST
770,GOCO
771,IDEX
772,SHORT
773,INTEREST
774,IS
775,CRAZY
776,AND
777,AN
778,AMAZING
779,"COMPANY,"
780,SQUEEZE
781,TIME?
782,($MVST)
783,DD
784,QQQ
785,TA
786,NQ
787,($MVST)
788,DD
789,($MVST)
790,DD
791,VULCAN
792,ENERGY
793,AMD?
794,AMD?
795,(MRNA)
796,ER
797,(MRNA)
798,ER
799,(MRNA)
800,TUI?
801,FREYR.
802,HUGE
803,POTENTIAL
804,AND
805,UPSIDE.
806,TRUST
807,ME
808,BRO.
809,$EASYCAKE
810,A
811,CAKE
812,REWARDS
813,TOKEN
814,WITH
815,A
816,PLAYTOEARN
817,GAME.
818,$EASYCAKE
819,$CAKE
820,BSC!
821,$EASYCAKE
822,TUI?
823,TUI?
824,TUI?
825,TUI
826,NACON
827,ITM
828,RH.
829,RH.
830,THE
831,MOMENT
832,WE
833,GAVE
834,UP
835,IS
836,WHEN
837,WE
838,STOPPED
839,ASKING
840,"OURSELVES......""WHY"
841,ARE
842,WE
843,HERE
844,ON
845,EARTH
846,I
847,$MVST
848,I
849,I
850,$MVST
851,$MVST
852,MVST
853,I
854,$SKLZ
855,$MVIS
856,GXO
857,I
858,IF
859,CLOV
860,FINISHES
861,GREEN
862,TODAY
863,I
864,ASTR
865,I
866,GME
867,I‚Äôm
868,I
869,GOD
870,BLESS
871,THE
872,LINK
873,IS
874,$IGT
875,$PENN
876,GME
877,GME
878,APE
879,I‚Äôm
880,I
881,RNB
882,RETAIL
883,AND
884,BRANDüöÄüöÄüöÄ
885,$MVST
886,$MVST
887,I
888,OTM
889,SPY
890,NOSOF
891,NOT.VN
892,$OCGN
893,PER
894,WRINKLE
895,BRAIN
896,BOT
897,POST
898,COMMENT
899,VOTE
900,SHARE
901,COUNT!
902,TIMOTHY
903,B.
904,$PLTR
905,#GSHIBA
906,THE
907,ORIGINAL
908,$PLTR
909,$LCID
910,"AZ,"
911,I
912,#NVAX
913,$BITF
914,STONKS
915,BITCOINS
916,I
917,$BITF
918,BITCOINS
919,STONKS
920,EV
921,EV
922,$CLNE
923,$ANY‚Ä¶‚Ä¶
924,I‚Äôm
925,I'm
926,$UONE
927,PSFE
928,APE!!!
929,I
930,WSB
931,SIDE
932,SCROLLING
933,JEROME
934,POWELL??
935,BB
936,I'm
937,I
938,I
939,(RH
940,I'm
941,FVRR?
942,ATH
943,CLNE
944,I
945,I'd
946,ACH?
947,CA
948,$XM
949,$XM
950,RTPY
951,I
952,NEW
953,NFT
954,NEW
955,NFT
956,NFT
957,FNKO
958,A
959,NFT
960,Funko-A
961,$FNKO
962,NFT
963,VACQ
964,I
965,LOVE
966,THIS!!!
967,BITGATTI
968,TOKEN
969,DBX
970,GME
971,buy‚Ä¶AMC!
972,TV)
973,OFF!!
974,I
975,ETC
976,SPCE
977,$PLUG
978,YOLO.....
979,YOLO
980,WEALTHSIMPLE
981,NOW
982,LISTING
983,DIGIMAX
984,$DBKSF
985,$DIGI
986,STOCK
987,$NVCN
988,$NVCN
989,AMC‚Ä¶how
990,I
991,MASSIVE
992,BET
993,ON
994,$PLUG-
995,EARNINGS
996,BEAT
997,AH
998,BBIG
999,BBIG
1000,I
1001,$CLOV
1002,MVST
1003,I
1004,AMC
1005,I‚Äôm
1006,I
1007,MMEX.
1008,I‚Äôm
1009,DD
1010,VIAC
1011,DD
1012,P+
1013,NAUT
1014,$HCMC
1015,$PM
1016,$NAUT
1017,I
1018,$HCMC
1019,HCMC
1020,PM
1021,HCMC
1022,I‚Äôm
1023,FAKE
1024,NEWS
1025,BY
1026,CAPITAL
1027,$NAUT
1028,FAKE
1029,NEWS
1030,BY
1031,CAPITAL
1032,r/BTB
1033,I
1034,PLTR
1035,$NAUT
1036,r/BTB
1037,$RECAF
1038,OIL
1039,DISCOVERY
1040,PLAY
1041,WITH
1042,HUGE
1043,POTENTIAL
1044,I‚Äôm
1045,ITRI
1046,$HOOD
1047,WSB
1048,AMC!
1049,ITRI
1050,NSFW]
1051,HOOD
1052,AMC
1053,AMD
1054,AMD
1055,I
1056,EDIT
1057,MCFE
1058,AH.
1059,A
1060,NFA.
1061,HOOD
1062,APPH.
1063,($MVST)
1064,I
1065,AMC
1066,ANY
1067,IDEAS
1068,ON
1069,WHY
1070,TTCF
1071,WENT
1072,UP
1073,WHEN
1074,IT'S
1075,SECTOR
1076,WENT
1077,DOWN??
1078,ALSO
1079,(ER
1080,DOES
1081,ANYONE
1082,KNOW
1083,ANYTHING
1084,HERE????
1085,AMC!
1086,I
1087,I‚Äôm
1088,AMC
1089,$CZO
1090,$CZO
1091,ONLY
1092,VNE
1093,GREEEEEN
1094,LET'S
1095,GOOO!
1096,B.
1097,$OMGA?
1098,ACH?
1099,B!!!
1100,THE
1101,MVST
1102,AMC
1103,LPTX
1104,YOLO
1105,WSB
1106,$PLD
1107,"P/E,"
1108,CTMX
1109,A
1110,I
1111,$AB
1112,(FGEN)
1113,(I/O
1114,AMC
1115,$ATNF
1116,DD
1117,FOMO?
1118,QGEN
1119,FDA
1120,(EUA)
1121,IPO
1122,FNKO
1123,TL;DR
1124,$NYMT
1125,I
1126,$TYHT!!!
1127,SEC
1128,MX
1129,QFIN
1130,PE
1131,QFIN
1132,PE
1133,SPY
1134,ETF
1135,I
1136,I
1137,TSP
1138,NTDOY
1139,($ATER)
1140,ATERIAN
1141,$FVRR
1142,ATNF
1143,VTSMX?
1144,$WISH
1145,$WEBR
1146,IPO
1147,(ZM)
1148,ETF?
1149,SPYG
1150,$SFT:
1151,$SFT:
1152,HMLP.
1153,RXST
1154,AHT
1155,[DD]
1156,ZOM
1157,(LUMN)
1158,I
1159,I
1160,I‚Äôve
1161,($VTGN)?
1162,WORK
1163,I‚Äôm
1164,HOOD
1165,I
1166,I'm
1167,$MVST
1168,DD:
1169,A
1170,EV
1171,DD:
1172,A
1173,EV
1174,$MVST
1175,DD:
1176,A
1177,EV
1178,$MVST
1179,DD:
1180,A
1181,EV
1182,$MVST
1183,LB
1184,VSCO
1185,BBWI.
1186,LB
1187,EPS.
1188,EPS.
1189,$ANY
1190,PM
1191,WH
1192,EV
1193,NYT
1194,ATVI
1195,I
1196,$RYCEY
1197,I
1198,PER
1199,QQQ
1200,$WISH
1201,ETF‚Äôs
1202,SPY
1203,EV/Infrastructure
1204,(MVST
1205,$NVCN
1206,$NVCN
1207,$NVCN
1208,PENN
1209,TD
1210,A
1211,ITM
1212,"IRA,"
1213,$NAUT
1214,$NAUT
1215,$NAUT
1216,ETF
1217,I'm
1218,$NAUT
1219,I
1220,DBX
1221,($SBH)
1222,"DD,"
1223,(SBLK)
1224,I
1225,US
1226,UK
1227,ETF
1228,SOFI
1229,(FVRR)
1230,I
1231,US-based
1232,$WCC;
1233,YOY
1234,WTF
1235,MMAT?!?!?!?
1236,US
1237,MMM
1238,I
1239,POTENTIAL
1240,SQUEEZE.
1241,SL/TP?
1242,DCBO
1243,SHOP:
1244,ATNF
1245,WEBR
1246,OR
1247,COOK
1248,DD
1249,EV
1250,($CRYBF/
1251,$ACDC.CN)
1252,BRK.B
1253,DD
1254,I
1255,SPRT
1256,US
1257,CPI
1258,ATNF...
1259,ATRA
1260,ATRA
1261,(ASTR)
1262,US
1263,DOD
1264,ATNF
1265,I
1266,NAUT
1267,GEO
1268,(ATD).
1269,$INMD
1270,DZSI
1271,I
1272,SCR
1273,[QUESTION]
1274,[QUESTION]
1275,$ZY
1276,ARVL
1277,ARRIVAL
1278,EV
1279,EV/Infrastructure
1280,(MVST)
1281,FREE
1282,EV
1283,(MVST)
1284,MRNA
1285,DD
1286,$CGNT
1287,I
1288,ATVI?
1289,SEC
1290,WRAP
1291,DD
1292,$CGNT
1293,DD:
1294,A
1295,EV
1296,$MVST
1297,"$AAPL,"
1298,"$TSLA,"
1299,"$NVDA,"
1300,"$MSFT,"
1301,$AMZN
1302,"$GOOG,"
1303,S&amp;P500?
1304,BATM
1305,COVID
1306,-LON:BVC
1307,$KTRA?
1308,I
1309,CTRM
1310,TO
1311,THE
1312,MOONüöÄüåï
1313,DIBS
1314,I
1315,NAOVüöÄüöÄ
1316,THIS
1317,IS
1318,THE
1319,PLAY!!
1320,$CYBN
1321,NYSE
1322,$CYBN
1323,NYSE
1324,I
1325,ATNM?
1326,I
1327,(WCC)
1328,$MVST
1329,EFFECTIVE
1330,COVID-19
1331,WCC
1332,WCC
1333,WCC
1334,ATNM?
1335,WCC
1336,ATNM?
1337,$MVST
1338,$MVST
1339,EFFECTIVE
1340,COVID-19
1341,ZY
1342,ZY
1343,ZY
1344,ZY
1345,ZY
1346,ZY
1347,US
1348,(FVRR)
1349,A
1350,($HIMX)
1351,SCR
1352,SPY
1353,SPY
1354,$EDU
1355,NEGATIVE
1356,EV
1357,$EDU
1358,NEGATIVE
1359,EV
1360,$DOCN
1361,$EDU
1362,NEGATIVE
1363,EV
1364,"$LCID,"
1365,PENN
1366,SCR
1367,I
1368,$ATNF
1369,BSSH
1370,UK.
1371,"IPG,"
1372,I
1373,I
1374,Disney/Etsy/DKNG?
1375,$BLL
1376,I
1377,A
1378,NIO?
1379,COVID
1380,BATM
1381,(BVC)
1382,HGEN
1383,FDA
1384,COVID
1385,$HOOD
1386,ASTI
1387,I
1388,$NVCN
1389,LAZR
1390,GM's
1391,EV
1392,$LMRMF
1393,SEC
1394,"$XNET,"
1395,$NET
1396,"XNET,"
1397,$NET
1398,"$XNET,"
1399,$NET
1400,SPY
1401,SPY
1402,SPY
1403,SPY
1404,AMC?
1405,VOO
1406,USA
1407,(PCSA)
1408,SYD
1409,GME
1410,AMC!
1411,TILRAY
1412,TURNAROUND
1413,SPY
1414,INTC
1415,$DBKSF
1416,$DIGI
1417,AI
1418,BTC
1419,ETH
1420,I
1421,A
1422,I
1423,ETSY
1424,ETF:
1425,(INGR)
1426,CEO
1427,IPO
1428,SAM
1429,CEO
1430,PIE
1431,$ETSY
1432,AFTER
1433,MARKET
1434,SPX
1435,EPS
1436,I
1437,I
1438,I
1439,MCHP
1440,$GEO
1441,ER
1442,ONE
1443,A
1444,I
1445,OGI
1446,CEMI
1447,US?
1448,DAL
1449,BA
1450,TA
1451,CEO
1452,MRNA?
1453,BCHG
1454,I
1455,$GT:
1456,AMD
1457,AMD
1458,FWP?
1459,$CRSR?
1460,I
1461,CRSR
1462,RSI
1463,P/E
1464,APPS
1465,I
1466,"AMD,"
1467,AMD-RUNUP
1468,OVER
1469,OR
1470,STILL
1471,ACTIVE
1472,$RCKT-
1473,$RCKT-
1474,PLSE
1475,"FDA,"
1476,EU
1477,SGHT
1478,GO?
1479,CVS
1480,YOU
1481,I
1482,ZY??!
1483,I
1484,CNBC
1485,(NO
1486,AD)
1487,ZEST
1488,$LIT
1489,BOA
1490,I
1491,I
1492,BOA
1493,US
1494,SPY
1495,NAOV
1496,SPY
1497,SPY
1498,VRAR
1499,NYSE
1500,$CYBN
1501,"ADP,"
1502,THCB
1503,SETTLEMENT
1504,ISSUE
1505,ABSI
1506,CVS
1507,GEO-it‚Äôs
1508,THCB
1509,ETF's
1510,FinAccel-VPCB
1511,U
1512,I
1513,MMK's
1514,PSA:
1515,DELTA
1516,"PLUS,"
1517,"PRO,"
1518,PRO
1519,MAX
1520,NIO
1521,I
1522,(IBKR)?
1523,A
1524,CARR
1525,ODFL
1526,SHW
1527,CLF
1528,$ARW
1529,I‚Äôm
1530,I
1531,OTC
1532,I
1533,A
1534,$NVCN
1535,IRA
1536,I
1537,I'M
1538,ACTUALLY
1539,CLUELESS
1540,ARK
1541,SPY
1542,SPY
1543,SIVR
1544,COIN
1545,$SPY
1546,$SPY
1547,A
1548,($V)?
1549,IRA
1550,IQST
1551,MRNA
1552,$XELA
1553,FREE
1554,OPTION
1555,SIGNALS
1556,DCTH
1557,BODY
1558,EVFM
1559,DARE
1560,I
1561,SAY
1562,GAMMA
1563,SQUEEZE
1564,ANY
1565,DAY
1566,DD
1567,MOON
1568,BIG
1569,"SHORT,"
1570,HOOD
1571,$SPY
1572,ATEA
1573,COVID-19
1574,R/amcstock
1575,"COVID-19,"
1576,AMC?
1577,ATVI
1578,ATVI
1579,ATVI
1580,ATVI
1581,USA
1582,IRA
1583,$MPLX
1584,WPLCF
1585,WISE:GB
1586,FAMI?
1587,FAMI!!!!!!!!
1588,FAMI!!!!!
1589,I
1590,(TLRY)
1591,DD
1592,(TLRY)
1593,DD
1594,(TLRY)
1595,DD
1596,AMD
1597,ETF?
1598,(CGW)
1599,ETF
1600,(CGW)?
1601,DD
1602,($VIRT):
1603,BOUGHT
1604,SOME
1605,AMZN.NE
1606,"TODAY,"
1607,ITS
1608,AFFORDABLE
1609,UP
1610,HERE
1611,IN
1612,CANADA.
1613,DD
1614,($VIRT):
1615,US
1616,GILD.
1617,DCA
1618,$AMD
1619,DCA?
1620,(BGFV)
1621,SKLZ
1622,UMC
1623,NOT
1624,ECOR
1625,EDU
1626,QELL
1627,CWH
1628,SCAM
1629,OR
1630,NOT?
1631,STOCK
1632,TICKER
1633,HJLI
1634,ANNOUNCES
1635,NEW
1636,FDA
1637,APPROVAL
1638,FOR
1639,SECOND
1640,TIME
1641,TODAY
1642,STOCK
1643,TICKER
1644,HJLI
1645,ANNOUNCES
1646,NEW
1647,FDA
1648,APPROVAL
1649,FOR
1650,SECOND
1651,TIME
1652,TODAY
1653,STOCK
1654,TICKER
1655,HJLI
1656,ANNOUNCES
1657,NEW
1658,FDA
1659,APPROVAL
1660,FOR
1661,SECOND
1662,TIME
1663,TODAY
1664,$CYTO
1665,Bentrio(TM)
1666,I
1667,AMDüöÄüöÄüöÄüöÄüöÄüöÄüöÄüöÄüöÄ
1668,I'll
1669,I
1670,JS
1671,ISRG
1672,SOFI?
1673,($LDI)
1674,$IMRA
1675,$NKLA?
1676,SEA
1677,BNET:OTCQB
1678,CMEG
1679,CMEG
1680,WIRE
1681,FUNDING
1682,ISSUES
1683,SRNE
1684,W
1685,AMEX
1686,GE
1687,ETF‚Äôs
1688,NASDAQ
1689,COMP?
1690,$AMD
1691,EPS:
1692,A
1693,A
1694,S&amp;P
1695,(NIOBF)
1696,EDU
1697,EDU
1698,AAA-rated
1699,SOE
1700,PFE
1701,ABNB
1702,ETF‚Äôs.
1703,$DHR
1704,$TMO
1705,I
1706,"$CYXTY,"
1707,I
1708,I
1709,I
1710,DKNG
1711,GDP
1712,I
1713,FCFF
1714,SQ
1715,QQQ
1716,AMZN
1717,$NVCN
1718,GE
1719,I
1720,SOL?
1721,AMZN
1722,VS
1723,QQQ
1724,OTC
1725,AT&amp;T's
1726,I
1727,GE
1728,I
1729,GE
1730,I
1731,I
1732,I
1733,I
1734,I
1735,I
1736,I
1737,A
1738,I
1739,ROI
1740,SQ
1741,TSX
1742,AMD?
1743,CRTD
1744,TSX
1745,NYSE
1746,($SQ)
1747,($DOCN)?
1748,ICVX
1749,AES
1750,GE
1751,ATVI?
1752,SQ
1753,CFO
1754,$YOU?
1755,EMD
1756,GE
1757,GE
1758,AMZN
1759,BNPL
1760,I
1761,I'm
1762,GE
1763,I
1764,SPY
1765,SSO
1766,I
1767,E*TRADE
1768,I
1769,ETF
1770,(DD)
1771,YOLO
1772,I
1773,I
1774,#QBT
1775,GE
1776,RIO.AU
1777,HYLN
1778,$ABML
1779,DD.
1780,$ABML
1781,DD
1782,$ABML
1783,DD.
1784,IPO
1785,(GSF)
1786,(GSF)
1787,(GSF)
1788,(GSF)
1789,(NYSE:
1790,$SQ)
1791,S&amp;P
1792,$DOYU
1793,(HUM)?
1794,$NVCN
1795,SIPC
1796,DKNG
1797,I
1798,$SAVA
1799,SP
1800,ASML
1801,PYPL.
1802,S&amp;P
1803,ETF
1804,$DIBS
1805,I
1806,I
1807,BPT
1808,$PSEC
1809,$SAVA
1810,BABAS
1811,($PYPL)
1812,$AHT
1813,CLNE
1814,ETF
1815,IRA
1816,S&amp;P
1817,NYSE
1818,CYBIN!
1819,NYSE:CYBN
1820,A
1821,IOS
1822,I
1823,I
1824,DOYU
1825,FUD?
1826,U.S.
1827,Cricut(CRCT)
1828,UK
1829,PT
1830,I
1831,I
1832,I
1833,I
1834,ASA?
1835,DO
1836,NOT
1837,$PSEC
1838,UK
1839,IRA
1840,ETF
1841,AMZN
1842,RMO
1843,EV
1844,I
1845,NSAV
1846,I
1847,NSAV
1848,I
1849,I
1850,I
1851,SPY?
1852,(USA)
1853,EHJ
1854,STOCK
1855,IF
1856,ITS
1857,GONNA
1858,GO
1859,UP
1860,ANYTIME
1861,SOON?
1862,MAYBE
1863,NEXT
1864,WEEK?
1865,I
1866,I
1867,I
1868,PTD
1869,RH
1870,CEO
1871,I
1872,I
1873,RH
1874,I
1875,I
1876,CB
1877,I
1878,$NVCN
1879,$NVCN
1880,I
1881,I
1882,EA
1883,RH
1884,I
1885,I
1886,RH.
1887,I
1888,#RH.
1889,S
1890,U
1891,C
1892,K
1893,S
1894,I
1895,IPO
1896,DIBS
1897,DIBS
1898,DIBS
1899,VTI
1900,VOO
1901,SCHD
1902,QQQ
1903,SPY
1904,A
1905,QUICK
1906,OVERVIEW
1907,XIRR
1908,DELETE
1909,ROBINHOOD
1910,THEY
1911,STOLE
1912,MY
1913,MONEY
1914,HOOD
1915,$NVCN
1916,I
1917,RH
1918,$HOOD
1919,$HOOD
1920,$HOOD
1921,$HOOD
1922,$HOOD
1923,HOOD
1924,$HOOD
1925,AMD
1926,HOOD
1927,[HOOD]
1928,CZR
1929,N/A
1930,#HOOD
1931,I'm
1932,I
1933,I
1934,BSV
1935,I
1936,I
1937,OTC
1938,I
1939,CNBC
1940,ROBBINGHOOD
1941,IS
1942,A
1943,PUMP
1944,AND
1945,DUMP
1946,HOOD
1947,I
1948,HOOD
1949,I
1950,I‚Äôm
1951,ATVI
1952,HOOD
1953,I
1954,I
1955,I
1956,I
1957,I
1958,VPCB
1959,$NVCN
1960,$VSCO
1961,I
1962,ETH?
1963,I
1964,I
1965,I
1966,$HOOD
1967,‚ÄúHOOD‚Äù
1968,IPO...
1969,I
1970,luck.I
1971,HOOD
1972,BUY
1973,(WKN:
1974,LDI
1975,:D
1976,I
1977,E*TRADE
1978,$HOOD
1979,I
1980,IPO
1981,IPO
1982,TD
1983,TD
1984,A
1985,(CVX)
1986,A
1987,EA
1988,EA
1989,AMC
1990,GME
1991,MOASS
1992,BEWARE:
1993,TESLA
1994,NIO
1995,LUCID?
1996,$NVCN
1997,NIO
1998,DD
1999,$HOOD
2000,IPO
2001,CRTD
2002,I
2003,I'll
2004,GE
2005,IPO
2006,A
2007,IF
2008,YOU
2009,LOVE
2010,THE
2011,STOCK
2012,HOOD
2013,JOIN
2014,THE
2015,HOOD
2016,HOLDERS
2017,GROUP
2018,ON
2019,FACEBOOK
2020,ACAT
2021,ACAT
2022,I
2023,I
2024,IPO
2025,IPO
2026,$HOOD
2027,GE
2028,DUMP
2029,IPO.
2030,I
2031,I
2032,$HOOD
2033,IPO
2034,I
2035,IPO
2036,GE
2037,IPO
2038,DEADLY
2039,SHOTS!
2040,COVID
2041,"IPO,"
2042,CRIMINALS
2043,$HOOD
2044,IPO
2045,IPO
2046,IPO
2047,EXCLUSIVES
2048,IPO
2049,IPO
2050,I'm
2051,I
2052,GE
2053,I'm
2054,HOOD:
2055,IPO
2056,HOOD:
2057,IPO
2058,GE?
2059,I
2060,I
2061,EA
2062,$NVCN
2063,$NVCN
2064,GE
2065,RH
2066,HEPA
2067,I'm
2068,I
2069,GE
2070,A
2071,I
2072,RH
2073,I
2074,I
2075,I
2076,"ID,"
2077,I
2078,I
2079,I
2080,UK
2081,NO
2082,LIES
2083,TOLD
2084,LIE
2085,RH
2086,RH
2087,BT
2088,I
2089,A
2090,ASMR
2091,I
2092,LETS
2093,GO
2094,TEAM.
2095,SPREAD
2096,THE
2097,WORD
2098,AND
2099,LETS
2100,BURY
2101,THE
2102,NON
2103,BELIEVERS.
2104,TO
2105,THE
2106,FUCKING
2107,MOON
2108,ALL
2109,#TSANFT
2110,ACH
2111,I
2112,DOGE
2113,I‚Äôm
2114,DOGE
2115,DOGE
2116,DOGECOINS
2117,DOGE
2118,I
2119,DOGA
2120,COINS
2121,YAH
2122,I
2123,I
2124,I
2125,I
2126,I
2127,I
2128,NFT
2129,RED
2130,I‚Äôd
2131,I
2132,I
2133,OCD
2134,CHART
2135,DOGE
2136,WHEN
2137,BUY
2138,OMG!!!!
2139,ACH
2140,DOGE/USD
2141,DOGE
2142,I
2143,DODGE
2144,COIN
2145,I
2146,LMAO
2147,BINANCE
2148,US
2149,I‚Äôm
2150,I
2151,I‚Äôm
2152,PREPARE
2153,THE
2154,CONVO
2155,BETWEEN
2156,ME
2157,AND
2158,MY
2159,WIFE
2160,AFTER
2161,PAYING
2162,OUR
2163,RENT
2164,AND
2165,BILLS
2166,LIKE
2167,EVERYONE
2168,ELSE
2169,LOL
2170,YOU
2171,ONLY
2172,GET
2173,LEFT
2174,WITH
2175,CERTAIN
2176,AMOUNT
2177,TO
2178,STRETCH
2179,IT
2180,OUT
2181,TILL
2182,NEXT
2183,PAYDAY!üôÉüôÇ
2184,SHES
2185,THE
2186,ONE
2187,WITH
2188,THE
2189,REAL
2190,DIAMOND
2191,HANDSüñêüèºüíéüí™üèºüíéüíéüë©üèΩ‚Äçü§ù‚Äçüë®üèª
2192,DC
2193,D
2194,INFINITY
2195,TEAM
2196,BTC
2197,I‚Äôm
2198,BTC
2199,"LTC,"
2200,"XRP,"
2201,XLM!
2202,MUCH
2203,WOW!!
2204,THIS
2205,IS
2206,THE
2207,WAY!!
2208,DOGE‚Äôs
2209,DOGE
2210,LOL!
2211,I
2212,WOW
2213,A
2214,LFG!
2215,I
2216,ITS
2217,LEGENDARY
2218,HAVE
2219,I
2220,I
2221,I
2222,BTC
2223,DOGECOIN
2224,BITES
2225,"BACK,"
2226,THE
2227,CANINE
2228,CRYPTO
2229,IS
2230,SURGING
2231,IN
2232,PRICE
2233,AND
2234,VALUE
2235,FORTUNE
2236,NETWORK
2237,coin:BONUS
2238,HODL!!!
2239,YOUR
2240,ETH
2241,DOGE
2242,TO
2243,THE
2244,MOON.
2245,HODL
2246,PB
2247,DOGE's
2248,I
2249,XELA
2250,I‚Äôm
2251,USA
2252,CZAR
2253,ET
2254,FORTUNE
2255,NETWORK
2256,coin:BONUS
2257,DOGE?
2258,ACH
2259,M
2260,I‚Äôm
2261,GUARANTEED!!!!
2262,DOGE
2263,I‚Äôm
2264,DOGE.
2265,DOGE
2266,I
2267,I
2268,I
2269,I'm
2270,RH
2271,I
2272,THIS
2273,IS
2274,THE
2275,WAYüî•
2276,I‚Äôm
2277,DOGE
2278,I'll
2279,I‚Äôm
2280,I
2281,WOW
2282,ITS
2283,I‚Äôve
2284,I
2285,TALK
2286,TO
2287,THESE
2288,I
2289,I
2290,ACH
2291,DIP?
2292,I
2293,[H]
2294,IGTV
2295,[W]
2296,BTC/
2297,DOGE
2298,IRA
2299,BIG
2300,HODLING
2301,US
2302,I
2303,HODL
2304,DOGE
2305,DOGE
2306,THE
2307,MOON!
2308,A
2309,HODL?
2310,R.H
2311,I
2312,A
2313,ANCHORMAN
2314,TO
2315,THE
2316,MF
2317,"MOON,"
2318,BIG
2319,DOGE!
2320,A
2321,DOGE!
2322,A
2323,BTC
2324,#MUSKYDOGE
2325,I
2326,DOGE.
2327,WOW
2328,Anti-DOGE
2329,DOGE
2330,COMMUNITY&gt;CRYPTO
2331,$AMC
2332,$GME?
2333,I
2334,DOGE
2335,ARMY!
2336,DOGE
2337,I
2338,THANKS
2339,DOGE!
2340,DOGE
2341,ARMY!
2342,DOGE
2343,I
2344,I
2345,I‚Äôve
2346,DOGE
2347,**WARNING
2348,SCAM****
2349,I
2350,REMINDER
2351,I‚Äôm
2352,DOGE.
2353,RISE!!
2354,I
2355,I
2356,INSTANT
2357,DELIVERY
2358,ACH
2359,WALLET
2360,YT!
2361,I
2362,L.L.C.
2363,I
2364,DOGE
2365,FREE!!!
2366,I
2367,TO
2368,THE
2369,MOOOON
2370,POS
2371,I'm
2372,MOOOON!!!
2373,I
2374,ATH
2375,RZE
2376,EXCLUSIVE:
2377,CAPITAL.COM
2378,DOGE
2379,BIG
2380,I‚Äôm
2381,LFGüöÄDogeüöÄ
2382,DOGETHEREUM
2383,U
2384,U
2385,WOW.....üòâüêïüó°
2386,LOVE
2387,FROM
2388,DOGE
2389,I
2390,MUST
2391,WATCH
2392,FTW)
2393,DOGE
2394,DOGE
2395,DOGECOIN
2396,SENT
2397,‚ÄòTO
2398,SPACE‚Äô
2399,FOR
2400,ELON
2401,MUSK‚ÄôS
2402,BIRTHDAY
2403,IN
2404,DOGE
2405,COIN!!
2406,I'll
2407,"IDC,"
2408,I
2409,I
2410,I
2411,I
2412,I
2413,I
2414,DOGE!
2415,I
2416,DOGE
2417,WOW!
2418,RARX
2419,I‚Äôm
2420,CM
2421,LOBOGO
2422,I
2423,RH
2424,RH
2425,I
2426,OG
2427,I
2428,FORTUNE
2429,NETWORK
2430,coin:BONUS
2431,CEO
2432,I‚Äôm
2433,I‚Äôm
2434,DOGE
2435,I
2436,I
2437,I
2438,I
2439,U.S
2440,PAMP-
2441,BSC
2442,DOGE
2443,USD
2444,SEP
2445,BONE
2446,LOL
2447,I
2448,I‚Äôm
2449,I
2450,I
2451,I
2452,I
2453,I
2454,HODL
2455,HOW
2456,TO
2457,BSW
2458,APY
2459,BSC
2460,I
2461,RIP
2462,I
2463,DOGE
2464,ARMY!
2465,DOGE
2466,I
2467,DOGE
2468,ARMY
2469,RISE
2470,OF
2471,THE
2472,DIAMOND
2473,HANDS.
2474,HODLING
2475,OVER
2476,DOGE
2477,CUZ
2478,I
2479,BOUGHT
2480,DA
2481,DIP!
2482,THANKS
2483,DOGE!
2484,DOGE
2485,ARMY!
2486,I‚Äôll
2487,ACH
2488,I
2489,#MUSKYDOGE
2490,I‚Äôm
2491,I
2492,I
2493,DOGE:
2494,THE
2495,NEXT
2496,SPACE
2497,MONA
2498,LISA‚Ä¶.
2499,BTC
2500,BTC
2501,I
2502,I
2503,I
2504,RESISTANCE
2505,JUMPERS?
2506,RH
2507,IPO'd.
2508,WE
2509,ARE
2510,HOLDING
2511,DOGE
2512,AT
2513,I
2514,I
2515,DOGE
2516,$DOGE
2517,SHIBA
2518,INU
2519,JD
2520,RH
2521,CB
2522,I‚Äôm
2523,"EVERYONE,"
2524,I
2525,ACH
2526,I
2527,I
2528,A
2529,I
2530,A
2531,INTERACT
2532,WITH
2533,THIS
2534,POST
2535,FOR
2536,GOOD
2537,LUCK
2538,HODL
2539,GG
2540,$ACH
2541,LFG
2542,I
2543,I
2544,I
2545,I
2546,I
2547,I
2548,DOGO
2549,I
2550,I
2551,DOGE
2552,I
2553,B
2554,DOGECOIN
2555,TRUTH
2556,A
2557,I
2558,I
2559,I
2560,I‚Äôm
2561,CERBY
2562,I
2563,I‚Äôm
2564,DOGE
2565,CERBY
2566,F
2567,A
2568,HODL‚Äôs
2569,NOWS
2570,OUR
2571,TIME
2572,FOLKS.
2573,LETS
2574,GET
2575,THIS
2576,MOTHER
2577,FUCKER
2578,TO
2579,MARS!!!!!!!!!!!
2580,HOOD!
2581,I
2582,DOGE
2583,ETH
2584,I
2585,I
2586,A
2587,I'm
2588,DM
2589,D
2590,I
2591,CEO
2592,NEWS
2593,FROM
2594,THE
2595,DOGECOIN
2596,TWITTER
2597,HERE!
2598,MORE
2599,SOFT
2600,TOILET
2601,PAPER
2602,FOR
2603,YOUR
2604,SOFT
2605,PAPER
2606,HANDS!
2607,HERE!
2608,MORE
2609,SOFT
2610,TOILET
2611,PAPER
2612,FOR
2613,YOUR
2614,SOFT
2615,PAPER
2616,HANDS!
2617,Y‚Äôall
2618,DOGE‚Äôs
2619,A
2620,TO
2621,THE
2622,MOOOOOOOON
2623,NFT
2624,I‚ÄôLL
2625,TAKE
2626,ONE
2627,TESLA‚Ä¶
2628,RIGHT
2629,NOW!
2630,ETH
2631,BTC
2632,I
2633,LIKE
2634,BITCOIN
2635,IG
2636,CEO
2637,DOGECOIN+TSLA=
2638,RH‚Ä¶
2639,TO
2640,THE
2641,MOOOOOOOON!
2642,ITS
2643,SOOOO
2644,GOOOD
2645,MUST
2646,CHECK
2647,OUT
2648,IF
2649,YOU
2650,LIKE
2651,CRYPTO
2652,–ïL0N'S
2653,FL
2654,DOGE
2655,IS
2656,NOW
2657,ON
2658,WWW.GETBUXCRYPTO.COM
2659,FREE
2660,TRADE
2661,WHEN
2662,YOU
2663,HODL
2664,BUX
2665,TOKENS
2666,BTC
2667,ETH
2668,DOGE
2669,$DOGE
2670,I'd
2671,DOGE
2672,$CA
2673,I‚Äôll
2674,I‚Äôll
2675,WTF
2676,I‚Äôll
2677,HODL
2678,DOGE
2679,HODL
2680,I
2681,DOGE
2682,ETH
2683,I
2684,I
2685,DOGE!
2686,I
2687,(SOUND
2688,ON)
2689,CHECKOUT
2690,MY
2691,NEW
2692,"NFT,"
2693,DOGE-WAVE
2694,I
2695,I
2696,"NFT,"
2697,DOGE-WAVE
2698,I
2699,FORTUNE
2700,NETWORK
2701,coin:BONUS
2702,I
2703,DOGECOIN
2704,IS
2705,RALLYING:
2706,RIGHT
2707,NOW
2708,UP
2709,NEVER
2710,WE
2711,KNOW!!!
2712,I
2713,DOGE?
2714,EIP-1559
2715,ETH
2716,I
2717,I‚Äôll
2718,I
2719,I
2720,BTC
2721,DOGECOIN
2722,I‚Äôm
2723,I
2724,I‚Äôm
2725,DOGE
2726,NEVER
2727,I
2728,I
2729,I‚Äôm
2730,ACCEPTS
2731,DOGECOIN
2732,A
2733,I
2734,US?
2735,INFINITY
2736,TEAM
2737,PACK
2738,DE
2739,"TULI,"
2740,MARIA
2741,"BECERRA,"
2742,HERMANA
2743,DE
2744,OKI
2745,Y
2746,SELENAITOR
2747,Y.T.
2748,DOGE-ETH
2749,Y.T.
2750,INFINITY
2751,TEAM
2752,FREE
2753,I'll
2754,NFT
2755,I
2756,I‚Äôm
2757,A
2758,I
2759,BI
2760,POLAR
2761,ASF!!!!!
2762,I
2763,I
2764,OBEY
2765,WHERE
2766,IS
2767,EVERYONE?
2768,I
2769,DOGE
2770,B
2771,A
2772,R
2773,F
2774,O
2775,B
2776,E
2777,Y
2778,I
2779,I
